Workbook

Sheet 개인별내역
A1: 2026년 10월 교직원급식비 징수내역
G2: 삼계중학교
A3: 순 | B3: 직 | C3: 성명 | D3: 급식일수 | E3: 급식단가 | F3: 징수금액 | G3: 비고
A4: 1 | B4: 교장 | C4: 박성자 | D4: =급식일정!C36 -> 14 | E4: 6850 | F4: =PRODUCT(D4:E4) -> 95900
A5: 2 | B5: 교사 | C5: 김회명 | D5: =급식일정!D36 -> 17 | E5: 6850 | F5: =PRODUCT(D5:E5) -> 116450
A6: 3 | B6: 교사 | C6: 임효숙 | D6: =급식일정!E36 -> 18 | E6: 6850 | F6: =PRODUCT(D6:E6) -> 123300
A7: 4 | B7: 교사 | C7: 김현옥 | D7: =급식일정!F36 -> 18 | E7: 6850 | F7: =PRODUCT(D7:E7) -> 123300
A8: 5 | B8: 교사 | C8: 한혜진 | D8: =급식일정!G36 -> 17 | E8: 6850 | F8: =PRODUCT(D8:E8) -> 116450
A9: 6 | B9: 교사 | C9: 양승우 | D9: =급식일정!H36 -> 13 | E9: 6850 | F9: =PRODUCT(D9:E9) -> 89050 | G9: 목
A10: 7 | B10: 교사 | C10: 황기찬 | D10: =급식일정!I36 -> 17 | E10: 6850 | F10: =PRODUCT(D10:E10) -> 116450
A11: 8 | B11: 행정실장 | C11: 함수연 | D11: =급식일정!J36 -> 20 | E11: 6850 | F11: =PRODUCT(D11:E11) -> 137000
A12: 9 | B12: 주무관 | C12: 천정용 | D12: =급식일정!K36 -> 17 | E12: 6850 | F12: =PRODUCT(D12:E12) -> 116450
A13: 10 | B13: 시설관리원 | C13: 양치욱 | D13: =급식일정!L36 -> 20 | E13: 6850 | F13: =PRODUCT(D13:E13) -> 137000
A14: 11 | B14: 교무실무사 | C14: 손경숙 | D14: =급식일정!M36 -> 20 | E14: 6850 | F14: =PRODUCT(D14:E14) -> 137000
A15: 12 | B15: 순회교사 | C15: 임서영 | D15: =급식일정!N36 -> 0 | E15: 6850 | F15: =PRODUCT(D15:E15) -> 0 | G15: 월,화
A16: 13 | B16: 순회교사 | C16: 윤호영 | D16: =급식일정!O36 -> 0 | E16: 6850 | F16: =PRODUCT(D16:E16) -> 0 | G16: 목,금
A17: 14 | B17: 원어민교사 | C17: Yondela Ngquseka | D17: =급식일정!P36 -> 4 | E17: 6850 | F17: =PRODUCT(D17:E17) -> 27400 | G17: 금
A18: 교직원 계 | D18: =SUM(D4:D17) -> 195 | F18: =SUM(F4:F17) -> 1335750
E24: 급

Sheet 급식일정
A1: 2026년 10월 급식일정 및 급식인원
U2: 급식단가: | V2: 6850 | X2: 삼계중학교
A3: 월일 | B3: 요일 | C3: 개인별 내역 | Q3: 합계 | R3: 급식인원 | U3: 급식비(인원*단가) | X3: 인원 변동사유
C4: 홍길동 | D4: 김수지 | E4: 이수지 | F4: 박수지 | G4: 최수지 | H4: 양수지 | I4: 이길동 | J4: 김길동 | K4: 박길동 | L4: 양길동 | M4: 장길동 | P4: 우길동 | R4: 학생 | S4: 교직원 | T4: 계 | U4: 학생 | V4: 교직원 | W4: 계
A5: 46296 | B5: 목 | D5: 1 | E5: 1 | F5: 1 | G5: 1 | I5: 1 | J5: 1 | K5: 1 | L5: 1 | M5: 1 | Q5: =SUM(C5:P5) -> 9 | R5: 9 | S5: =Q5 -> 9 | T5: =SUM(R5:S5) -> 18 | V5: =S5*$V$2 -> 61650 | W5: =SUM(U5:V5) -> 61650
A6: 46297 | B6: 금 | D6: 1 | E6: 1 | F6: 1 | G6: 1 | H6: 1 | I6: 1 | J6: 1 | K6: 1 | L6: 1 | M6: 1 | P6: 1 | Q6: =SUM(C6:P6) -> 11 | R6: 9 | S6: =Q6 -> 11 | T6: =SUM(R6:S6) -> 20 | V6: =S6*$V$2 -> 75350 | W6: =SUM(U6:V6) -> 75350
A7: 46298 | B7: 토 | V7: =S7*$V$2 -> 0 | W7: =SUM(U7:V7) -> 0
A8: 46299 | B8: 일 | V8: =S8*$V$2 -> 0 | W8: =SUM(U8:V8) -> 0
A9: 46300 | B9: 월 | V9: =S9*$V$2 -> 0 | W9: =SUM(U9:V9) -> 0 | X9: 대체휴일
A10: 46301 | B10: 화 | F10: 1 | G10: 1 | J10: 1 | K10: 1 | L10: 1 | M10: 1 | Q10: =SUM(C10:P10) -> 6 | R10: 9 | S10: =Q10 -> 6 | T10: =SUM(R10:S10) -> 15 | V10: =S10*$V$2 -> 41100 | W10: =SUM(U10:V10) -> 41100
A11: 46302 | B11: 수 | E11: 1 | F11: 1 | H11: 1 | J11: 1 | L11: 1 | M11: 1 | Q11: =SUM(C11:P11) -> 6 | R11: 9 | S11: =Q11 -> 6 | T11: =SUM(R11:S11) -> 15 | V11: =S11*$V$2 -> 41100 | W11: =SUM(U11:V11) -> 41100
A12: 46303 | B12: 목 | D12: 1 | E12: 1 | I12: 1 | J12: 1 | K12: 1 | L12: 1 | M12: 1 | Q12: =SUM(C12:P12) -> 7 | R12: 9 | S12: =Q12 -> 7 | T12: =SUM(R12:S12) -> 16 | V12: =S12*$V$2 -> 47950 | W12: =SUM(U12:V12) -> 47950
A13: 46304 | B13: 금 | V13: =S13*$V$2 -> 0 | W13: =SUM(U13:V13) -> 0 | X13: 한글날
A14: 46305 | B14: 토 | V14: =S14*$V$2 -> 0 | W14: =SUM(U14:V14) -> 0
A15: 46306 | B15: 일 | V15: =S15*$V$2 -> 0 | W15: =SUM(U15:V15) -> 0
A16: 46307 | B16: 월 | C16: 1 | D16: 1 | E16: 1 | F16: 1 | G16: 1 | H16: 1 | I16: 1 | J16: 1 | K16: 1 | L16: 1 | M16: 1 | Q16: =SUM(C16:P16) -> 11 | R16: 9 | S16: =Q16 -> 11 | T16: =SUM(R16:S16) -> 20 | V16: =S16*$V$2 -> 75350 | W16: =SUM(U16:V16) -> 75350
A17: 46308 | B17: 화 | C17: 1 | D17: 1 | E17: 1 | F17: 1 | G17: 1 | H17: 1 | I17: 1 | J17: 1 | K17: 1 | L17: 1 | M17: 1 | Q17: =SUM(C17:P17) -> 11 | R17: 9 | S17: =Q17 -> 11 | T17: =SUM(R17:S17) -> 20 | V17: =S17*$V$2 -> 75350 | W17: =SUM(U17:V17) -> 75350
A18: 46309 | B18: 수 | C18: 1 | D18: 1 | E18: 1 | F18: 1 | G18: 1 | H18: 1 | I18: 1 | J18: 1 | K18: 1 | L18: 1 | M18: 1 | Q18: =SUM(C18:P18) -> 11 | R18: 9 | S18: =Q18 -> 11 | T18: =SUM(R18:S18) -> 20 | V18: =S18*$V$2 -> 75350 | W18: =SUM(U18:V18) -> 75350
A19: 46310 | B19: 목 | C19: 1 | D19: 1 | E19: 1 | F19: 1 | G19: 1 | I19: 1 | J19: 1 | K19: 1 | L19: 1 | M19: 1 | Q19: =SUM(C19:P19) -> 10 | R19: 9 | S19: =Q19 -> 10 | T19: =SUM(R19:S19) -> 19 | V19: =S19*$V$2 -> 68500 | W19: =SUM(U19:V19) -> 68500
A20: 46311 | B20: 금 | C20: 1 | D20: 1 | E20: 1 | F20: 1 | G20: 1 | H20: 1 | I20: 1 | J20: 1 | K20: 1 | L20: 1 | M20: 1 | P20: 1 | Q20: =SUM(C20:P20) -> 12 | R20: 9 | S20: =Q20 -> 12 | T20: =SUM(R20:S20) -> 21 | V20: =S20*$V$2 -> 82200 | W20: =SUM(U20:V20) -> 82200
A21: 46312 | B21: 토 | V21: =S21*$V$2 -> 0 | W21: =SUM(U21:V21) -> 0
A22: 46313 | B22: 일 | V22: =S22*$V$2 -> 0 | W22: =SUM(U22:V22) -> 0
A23: 46314 | B23: 월 | C23: 1 | D23: 1 | E23: 1 | F23: 1 | G23: 1 | H23: 1 | I23: 1 | J23: 1 | K23: 1 | L23: 1 | M23: 1 | Q23: =SUM(C23:P23) -> 11 | R23: 9 | S23: =Q23 -> 11 | T23: =SUM(R23:S23) -> 20 | V23: =S23*$V$2 -> 75350 | W23: =SUM(U23:V23) -> 75350
A24: 46315 | B24: 화 | C24: 1 | D24: 1 | E24: 1 | F24: 1 | G24: 1 | H24: 1 | I24: 1 | J24: 1 | K24: 1 | L24: 1 | M24: 1 | Q24: =SUM(C24:P24) -> 11 | R24: 9 | S24: =Q24 -> 11 | T24: =SUM(R24:S24) -> 20 | V24: =S24*$V$2 -> 75350 | W24: =SUM(U24:V24) -> 75350
A25: 46316 | B25: 수 | J25: 1 | K25: 1 | L25: 1 | M25: 1 | Q25: =SUM(C25:P25) -> 4 | S25: =Q25 -> 4 | T25: =SUM(R25:S25) -> 4 | V25: =S25*$V$2 -> 27400 | W25: =SUM(U25:V25) -> 27400 | X25: 사계사제동행
A26: 46317 | B26: 목 | C26: 1 | D26: 1 | E26: 1 | F26: 1 | G26: 1 | I26: 1 | J26: 1 | K26: 1 | L26: 1 | M26: 1 | Q26: =SUM(C26:P26) -> 10 | R26: 9 | S26: =Q26 -> 10 | T26: =SUM(R26:S26) -> 19 | V26: =S26*$V$2 -> 68500 | W26: =SUM(U26:V26) -> 68500
A27: 46318 | B27: 금 | C27: 1 | D27: 1 | E27: 1 | F27: 1 | G27: 1 | H27: 1 | I27: 1 | J27: 1 | K27: 1 | L27: 1 | M27: 1 | P27: 1 | Q27: =SUM(C27:P27) -> 12 | R27: 9 | S27: =Q27 -> 12 | T27: =SUM(R27:S27) -> 21 | V27: =S27*$V$2 -> 82200 | W27: =SUM(U27:V27) -> 82200
A28: 46319 | B28: 토 | V28: =S28*$V$2 -> 0 | W28: =SUM(U28:V28) -> 0
A29: 46320 | B29: 일 | V29: =S29*$V$2 -> 0 | W29: =SUM(U29:V29) -> 0
A30: 46321 | B30: 월 | C30: 1 | D30: 1 | E30: 1 | F30: 1 | G30: 1 | H30: 1 | I30: 1 | J30: 1 | K30: 1 | L30: 1 | M30: 1 | Q30: =SUM(C30:P30) -> 11 | R30: 9 | S30: =Q30 -> 11 | T30: =SUM(R30:S30) -> 20 | V30: =S30*$V$2 -> 75350 | W30: =SUM(U30:V30) -> 75350
A31: 46322 | B31: 화 | C31: 1 | D31: 1 | E31: 1 | F31: 1 | G31: 1 | H31: 1 | I31: 1 | J31: 1 | K31: 1 | L31: 1 | M31: 1 | Q31: =SUM(C31:P31) -> 11 | R31: 9 | S31: =Q31 -> 11 | T31: =SUM(R31:S31) -> 20 | V31: =S31*$V$2 -> 75350 | W31: =SUM(U31:V31) -> 75350
A32: 46323 | B32: 수 | C32: 1 | D32: 1 | E32: 1 | F32: 1 | G32: 1 | H32: 1 | I32: 1 | J32: 1 | K32: 1 | L32: 1 | M32: 1 | Q32: =SUM(C32:P32) -> 11 | R32: 9 | S32: =Q32 -> 11 | T32: =SUM(R32:S32) -> 20 | V32: =S32*$V$2 -> 75350 | W32: =SUM(U32:V32) -> 75350
A33: 46324 | B33: 목 | C33: 1 | D33: 1 | E33: 1 | F33: 1 | G33: 1 | I33: 1 | J33: 1 | L33: 1 | M33: 1 | Q33: =SUM(C33:P33) -> 9 | R33: 9 | S33: =Q33 -> 9 | T33: =SUM(R33:S33) -> 18 | V33: =S33*$V$2 -> 61650 | W33: =SUM(U33:V33) -> 61650
A34: 46325 | B34: 금 | C34: 1 | D34: 1 | E34: 1 | F34: 1 | G34: 1 | H34: 1 | I34: 1 | J34: 1 | L34: 1 | M34: 1 | P34: 1 | Q34: =SUM(C34:P34) -> 11 | R34: 9 | S34: =Q34 -> 11 | T34: =SUM(R34:S34) -> 20 | V34: =S34*$V$2 -> 75350 | W34: =SUM(U34:V34) -> 75350
A35: 46326 | B35: 토 | W35: =SUM(U35:V35) -> 0
A36: 합계 | C36: =SUM(C5:C35) -> 14 | D36: =SUM(D5:D35) -> 17 | E36: =SUM(E5:E35) -> 18 | F36: =SUM(F5:F35) -> 18 | G36: =SUM(G5:G35) -> 17 | H36: =SUM(H5:H35) -> 13 | I36: =SUM(I5:I35) -> 17 | J36: =SUM(J5:J35) -> 20 | ... W36: =SUM(W5:W35) -> 1335750
A37: 개인별및총계 | B37: 6850 | C37: =(C36)*$B$37 -> 95900 | D37: =(D36)*$B$37 -> 116450 | E37: =(E36)*$B$37 -> 123300 | F37: =(F36)*$B$37 -> 123300 | G37: =(G36)*$B$37 -> 116450 | H37: =(H36)*$B$37 -> 89050 | I37: =(I36)*$B$37 -> 116450 | J37: =(J36)*$B$37 -> 137000 | ... Q37: =(Q36)*$B$37 -> 1335750 | R37: =SUM(R36) -> 171 | S37: =SUM(S36) -> 195 | T37: =SUM(T36) -> 366 | U37: =SUM(U36) -> 0 | V37: =SUM(V36) -> 1335750 | W37: =SUM(W36) -> 1335750
