Workbook

Sheet 데이터
A1: 순 | B1: 직급 | C1: 성명 | D1: 이메일
A2: =ROW()-1 -> 1 | B2: 교장 | C2: 박성자 | D2: cic8822@jbedu.kr
A3: =ROW()-1 -> 2 | B3: 교사 | C3: 김회명
A4: =ROW()-1 -> 3 | B4: 교사 | C4: 임효숙
A5: =ROW()-1 -> 4 | B5: 교사 | C5: 김현옥
A6: =ROW()-1 -> 5 | B6: 교사 | C6: 한혜진
A7: =ROW()-1 -> 6 | B7: 교사 | C7: 양승우
A8: =ROW()-1 -> 7 | B8: 교사 | C8: 황기찬
A9: =ROW()-1 -> 8 | B9: 행정실장 | C9: 함수연
A10: =ROW()-1 -> 9 | B10: 주무관 | C10: 천정용
A11: =ROW()-1 -> 10 | B11: 시설관리원 | C11: 양치욱
A12: =ROW()-1 -> 11 | B12: 교무실무사 | C12: 손경숙
A13: =ROW()-1 -> 12 | B13: 순회교사 | C13: 임서영
A14: =ROW()-1 -> 13 | B14: 순회교사 | C14: 윤호영
A15: =ROW()-1 -> 14 | B15: 원어민교사 | C15: Yondela Ngquseka
A16: =ROW()-1 -> 15

Sheet 학교급식
A1: 년도 | B1: 2026 | C1: 월 | D1: 9 | E1: 급식단가 | F1: 6500
A2: 순 | B2: 직급 | C2: 직원명 | D2: 이메일 | E2: 총일수 | F2: 급식단가 | G2: 급식비 | H2: =IF(COLUMN()-COLUMN($H$2)+1<=DAY(EOMONTH(DATE($B$1,$D$1,1),0)),COLUMN()-COLUMN($H$2)+1,"") -> 1 | I2: =IF(COLUMN()-COLUMN($H$2)+1<=DAY(EOMONTH(DATE($B$1,$D$1,1),0)),COLUMN()-COLUMN($H$2)+1,"") -> 2 | J2: =IF(COLUMN()-COLUMN($H$2)+1<=DAY(EOMONTH(DATE($B$1,$D$1,1),0)),COLUMN()-COLUMN($H$2)+1,"") -> 3 | K2: =IF(COLUMN()-COLUMN($H$2)+1<=DAY(EOMONTH(DATE($B$1,$D$1,1),0)),COLUMN()-COLUMN($H$2)+1,"") -> 4 | L2: =IF(COLUMN()-COLUMN($H$2)+1<=DAY(EOMONTH(DATE($B$1,$D$1,1),0)),COLUMN()-COLUMN($H$2)+1,"") -> 5 | M2: =IF(COLUMN()-COLUMN($H$2)+1<=DAY(EOMONTH(DATE($B$1,$D$1,1),0)),COLUMN()-COLUMN($H$2)+1,"") -> 6 | N2: =IF(COLUMN()-COLUMN($H$2)+1<=DAY(EOMONTH(DATE($B$1,$D$1,1),0)),COLUMN()-COLUMN($H$2)+1,"") -> 7 | O2: =IF(COLUMN()-COLUMN($H$2)+1<=DAY(EOMONTH(DATE($B$1,$D$1,1),0)),COLUMN()-COLUMN($H$2)+1,"") -> 8 | ... AL2: =IF(COLUMN()-COLUMN($H$2)+1<=DAY(EOMONTH(DATE($B$1,$D$1,1),0)),COLUMN()-COLUMN($H$2)+1,"")
A3: =데이터!A2 -> 1 | B3: =데이터!B2 -> 교장 | C3: =데이터!C2 -> 박성자 | D3: =IF(데이터!D2="","",데이터!D2) -> cic8822@jbedu.kr | E3: =SUM(H3:AL3) -> 4 | F3: =$F$1 -> 6500 | G3: =E3*F3 -> 26000 | H3: 1 | I3: 1 | J3: 1 | K3: 1
A4: =데이터!A3 -> 2 | B4: =데이터!B3 -> 교사 | C4: =데이터!C3 -> 김회명 | D4: =IF(데이터!D3="","",데이터!D3) | E4: =SUM(H4:AL4) -> 4 | F4: =$F$1 -> 6500 | G4: =E4*F4 -> 26000 | H4: 1 | I4: 1 | J4: 1 | K4: 1
A5: =데이터!A4 -> 3 | B5: =데이터!B4 -> 교사 | C5: =데이터!C4 -> 임효숙 | D5: =IF(데이터!D4="","",데이터!D4) | E5: =SUM(H5:AL5) -> 4 | F5: =$F$1 -> 6500 | G5: =E5*F5 -> 26000 | H5: 1 | I5: 1 | J5: 1 | K5: 1
A6: =데이터!A5 -> 4 | B6: =데이터!B5 -> 교사 | C6: =데이터!C5 -> 김현옥 | D6: =IF(데이터!D5="","",데이터!D5) | E6: =SUM(H6:AL6) -> 4 | F6: =$F$1 -> 6500 | G6: =E6*F6 -> 26000 | H6: 1 | I6: 1 | J6: 1 | K6: 1
A7: =데이터!A6 -> 5 | B7: =데이터!B6 -> 교사 | C7: =데이터!C6 -> 한혜진 | D7: =IF(데이터!D6="","",데이터!D6) | E7: =SUM(H7:AL7) -> 4 | F7: =$F$1 -> 6500 | G7: =E7*F7 -> 26000 | H7: 1 | I7: 1 | J7: 1 | K7: 1
A8: =데이터!A7 -> 6 | B8: =데이터!B7 -> 교사 | C8: =데이터!C7 -> 양승우 | D8: =IF(데이터!D7="","",데이터!D7) | E8: =SUM(H8:AL8) -> 4 | F8: =$F$1 -> 6500 | G8: =E8*F8 -> 26000 | H8: 1 | I8: 1 | J8: 1 | K8: 1
A9: =데이터!A8 -> 7 | B9: =데이터!B8 -> 교사 | C9: =데이터!C8 -> 황기찬 | D9: =IF(데이터!D8="","",데이터!D8) | E9: =SUM(H9:AL9) -> 4 | F9: =$F$1 -> 6500 | G9: =E9*F9 -> 26000 | H9: 1 | I9: 1 | J9: 1 | K9: 1
A10: =데이터!A9 -> 8 | B10: =데이터!B9 -> 행정실장 | C10: =데이터!C9 -> 함수연 | D10: =IF(데이터!D9="","",데이터!D9) | E10: =SUM(H10:AL10) -> 4 | F10: =$F$1 -> 6500 | G10: =E10*F10 -> 26000 | H10: 1 | I10: 1 | J10: 1 | K10: 1
A11: =데이터!A10 -> 9 | B11: =데이터!B10 -> 주무관 | C11: =데이터!C10 -> 천정용 | D11: =IF(데이터!D10="","",데이터!D10) | E11: =SUM(H11:AL11) -> 4 | F11: =$F$1 -> 6500 | G11: =E11*F11 -> 26000 | H11: 1 | I11: 1 | J11: 1 | K11: 1
A12: =데이터!A11 -> 10 | B12: =데이터!B11 -> 시설관리원 | C12: =데이터!C11 -> 양치욱 | D12: =IF(데이터!D11="","",데이터!D11) | E12: =SUM(H12:AL12) -> 4 | F12: =$F$1 -> 6500 | G12: =E12*F12 -> 26000 | H12: 1 | I12: 1 | J12: 1 | K12: 1
A13: =데이터!A12 -> 11 | B13: =데이터!B12 -> 교무실무사 | C13: =데이터!C12 -> 손경숙 | D13: =IF(데이터!D12="","",데이터!D12) | E13: =SUM(H13:AL13) -> 4 | F13: =$F$1 -> 6500 | G13: =E13*F13 -> 26000 | H13: 1 | I13: 1 | J13: 1 | K13: 1
A14: =데이터!A13 -> 12 | B14: =데이터!B13 -> 순회교사 | C14: =데이터!C13 -> 임서영 | D14: =IF(데이터!D13="","",데이터!D13) | E14: =SUM(H14:AL14) -> 3 | F14: =$F$1 -> 6500 | G14: =E14*F14 -> 19500 | L14: 1 | M14: 1 | N14: 1
A15: =데이터!A14 -> 13 | B15: =데이터!B14 -> 순회교사 | C15: =데이터!C14 -> 윤호영 | D15: =IF(데이터!D14="","",데이터!D14) | E15: =SUM(H15:AL15) -> 3 | F15: =$F$1 -> 6500 | G15: =E15*F15 -> 19500 | L15: 1 | M15: 1 | N15: 1
A16: =데이터!A15 -> 14 | B16: =데이터!B15 -> 원어민교사 | C16: =데이터!C15 -> Yondela Ngquseka | D16: =IF(데이터!D15="","",데이터!D15) | E16: =SUM(H16:AL16) -> 3 | F16: =$F$1 -> 6500 | G16: =E16*F16 -> 19500 | L16: 1 | M16: 1 | N16: 1

Sheet 개인별내역
A1: =학교급식!B1&"년 "&학교급식!D1&"월 교직원급식비 징수내역" -> 2026년 9월 교직원급식비 징수내역
A3: 순 | B3: 직 | C3: 성명 | D3: 급식일수 | E3: 급식단가 | F3: 징수금액 | G3: 비고
A4: 1 | B4: 교장 | C4: 박성자 | D4: =학교급식!E3 -> 4 | E4: =학교급식!F3 -> 6500 | F4: =학교급식!G3 -> 26000
A5: 2 | B5: 교사 | C5: 김회명 | D5: =학교급식!E4 -> 4 | E5: =학교급식!F4 -> 6500 | F5: =학교급식!G4 -> 26000
A6: 3 | B6: 교사 | C6: 임효숙 | D6: =학교급식!E5 -> 4 | E6: =학교급식!F5 -> 6500 | F6: =학교급식!G5 -> 26000
A7: 4 | B7: 교사 | C7: 김현옥 | D7: =학교급식!E6 -> 4 | E7: =학교급식!F6 -> 6500 | F7: =학교급식!G6 -> 26000
A8: 5 | B8: 교사 | C8: 한혜진 | D8: =학교급식!E7 -> 4 | E8: =학교급식!F7 -> 6500 | F8: =학교급식!G7 -> 26000
A9: 6 | B9: 교사 | C9: 양승우 | D9: =학교급식!E8 -> 4 | E9: =학교급식!F8 -> 6500 | F9: =학교급식!G8 -> 26000
A10: 7 | B10: 교사 | C10: 황기찬 | D10: =학교급식!E9 -> 4 | E10: =학교급식!F9 -> 6500 | F10: =학교급식!G9 -> 26000
A11: 8 | B11: 행정실장 | C11: 함수연 | D11: =학교급식!E10 -> 4 | E11: =학교급식!F10 -> 6500 | F11: =학교급식!G10 -> 26000
A12: 9 | B12: 주무관 | C12: 천정용 | D12: =학교급식!E11 -> 4 | E12: =학교급식!F11 -> 6500 | F12: =학교급식!G11 -> 26000
A13: 10 | B13: 시설관리원 | C13: 양치욱 | D13: =학교급식!E12 -> 4 | E13: =학교급식!F12 -> 6500 | F13: =학교급식!G12 -> 26000
A14: 11 | B14: 교무실무사 | C14: 손경숙 | D14: =학교급식!E13 -> 4 | E14: =학교급식!F13 -> 6500 | F14: =학교급식!G13 -> 26000
A15: 12 | B15: 순회교사 | C15: 임서영 | D15: =학교급식!E14 -> 3 | E15: =학교급식!F14 -> 6500 | F15: =학교급식!G14 -> 19500
... A17: 14 | B17: 원어민교사 | C17: Yondela Ngquseka | D17: =학교급식!E16 -> 3 | E17: =학교급식!F16 -> 6500 | F17: =학교급식!G16 -> 19500
A18: 교직원 계 | D18: =SUM(D4:D17) -> 53 | F18: =SUM(F4:F17) -> 344500
E24: 급
